Date,Name,Year,Letterboxd URI
2018-01-02,Mad Max: Fury Road,2015,https://boxd.it/2DjO
2018-01-02,Star Wars: The Force Awakens,2015,https://boxd.it/4vru
2018-01-02,La La Land,2016,https://boxd.it/a5fa
2018-01-02,Arrival,2016,https://boxd.it/aNGk
2018-01-02,Interstellar,2014,https://boxd.it/4VZ8
2018-01-02,Pulp Fiction,1994,https://boxd.it/29Pq
2018-01-02,Guardians of the Galaxy,2014,https://boxd.it/3VH2
2018-01-02,The Grand Budapest Hotel,2014,https://boxd.it/3ZqO
2018-01-02,Inception,2010,https://boxd.it/1skk
2018-01-02,Deadpool,2016,https://boxd.it/9fOC
2018-01-02,Baby Driver,2017,https://boxd.it/bhF2
2018-01-02,The Wolf of Wall Street,2013,https://boxd.it/3C1m
2018-01-02,Rogue One: A Star Wars Story,2016,https://boxd.it/aPvy
2018-01-02,Ex Machina,2015,https://boxd.it/7T2k
2018-01-02,The Martian,2015,https://boxd.it/8SeG
2018-01-02,Drive,2011,https://boxd.it/IG
2018-01-02,Inglourious Basterds,2009,https://boxd.it/1JzG
2018-01-02,Star Wars,1977,https://boxd.it/72s
2018-01-02,Logan,2017,https://boxd.it/7Piy
2018-01-02,Blade Runner,1982,https://boxd.it/2bcA
2018-01-02,The Revenant,2015,https://boxd.it/8H5e
2018-01-02,Dunkirk,2017,https://boxd.it/d0Y6
2018-01-02,Wonder Woman,2017,https://boxd.it/9roG
2018-01-02,The Empire Strikes Back,1980,https://boxd.it/27Vw
2018-01-02,The Avengers,2012,https://boxd.it/1xFW
2018-01-02,The Hateful Eight,2015,https://boxd.it/8gw8
2018-01-02,Captain America: Civil War,2016,https://boxd.it/89Ja
2018-01-02,Guardians of the Galaxy Vol. 2,2017,https://boxd.it/8MxC
2018-01-02,Star Wars: The Last Jedi,2017,https://boxd.it/5xme
2018-01-02,Eternal Sunshine of the Spotless Mind,2004,https://boxd.it/6YK
2018-01-02,Blade Runner 2049,2017,https://boxd.it/b8wK
2018-01-02,Captain America: The Winter Soldier,2014,https://boxd.it/3r58
2018-01-02,Kingsman: The Secret Service,2014,https://boxd.it/6dxe
2018-01-02,Spider-Man: Homecoming,2017,https://boxd.it/aboM
2018-01-02,Avengers: Age of Ultron,2015,https://boxd.it/3qi6
2018-01-02,Back to the Future,1985,https://boxd.it/2b8e
2018-01-02,Doctor Strange,2016,https://boxd.it/8MH8
2018-01-02,The Matrix,1999,https://boxd.it/2a1m
2018-01-02,Batman v Superman: Dawn of Justice,2016,https://boxd.it/6fBW
2018-01-02,The Nice Guys,2016,https://boxd.it/94Hg
2018-01-02,Reservoir Dogs,1992,https://boxd.it/2agc
2018-01-02,Spotlight,2015,https://boxd.it/a84k
2018-01-02,Before We Go,2014,https://boxd.it/8KRg
2018-01-02,Bright,2017,https://boxd.it/e1H8
2018-01-02,The Promise,2016,https://boxd.it/bYFk
2018-01-02,Now You See Me,2013,https://boxd.it/2Bsu
2018-01-02,Scott Pilgrim vs. the World,2010,https://boxd.it/1Aq6
2018-01-02,American Sniper,2014,https://boxd.it/5LDy
2018-01-02,Before Sunrise,1995,https://boxd.it/2bcU
2018-01-02,Before Midnight,2013,https://boxd.it/4ive
2018-01-02,Before Sunset,2004,https://boxd.it/2bcg
2018-01-02,Dazed and Confused,1993,https://boxd.it/1Ylk
2018-01-02,Everybody Wants Some!!,2016,https://boxd.it/9mgM
2018-01-02,Beginners,2010,https://boxd.it/s2S
2018-01-02,The Dark Knight Rises,2012,https://boxd.it/H3m
2018-01-02,Return of the Jedi,1983,https://boxd.it/27Vm
2018-01-02,Suicide Squad,2016,https://boxd.it/9row
2018-01-02,Jurassic World,2015,https://boxd.it/4n0g
2018-01-02,Ant-Man,2015,https://boxd.it/3vmW
2018-01-02,X-Men: Days of Future Past,2014,https://boxd.it/4aRw
2018-01-02,John Wick,2014,https://boxd.it/7dEc
2018-01-02,The Big Short,2015,https://boxd.it/ajZw
2018-01-02,Up,2009,https://boxd.it/1OEc
2018-01-02,Skyfall,2012,https://boxd.it/17Fc
2018-01-02,Silver Linings Playbook,2012,https://boxd.it/2TTo
2018-01-02,Lost in Translation,2003,https://boxd.it/2b0E
2018-01-02,Toy Story,1995,https://boxd.it/29qA
2018-01-02,Split,2016,https://boxd.it/dgSy
2018-01-02,Fantastic Beasts and Where to Find Them,2016,https://boxd.it/7FPC
2018-01-02,Thor: Ragnarok,2017,https://boxd.it/8MHi
2018-01-02,Iron Man,2008,https://boxd.it/28dA
2018-01-02,Iron Man 3,2013,https://boxd.it/2cBQ
2018-01-02,Shaun of the Dead,2004,https://boxd.it/29J8
2018-01-02,Finding Nemo,2003,https://boxd.it/72i
2018-01-02,The Incredibles,2004,https://boxd.it/1XLm
2018-01-02,The Truman Show,1998,https://boxd.it/18U8
2018-01-02,Toy Story 3,2010,https://boxd.it/1WRe
2018-01-02,Die Hard,1988,https://boxd.it/2a7u
2018-01-02,Man of Steel,2013,https://boxd.it/FRk
2018-01-02,The Lion King,1994,https://boxd.it/201Q
2018-01-02,Finding Dory,2016,https://boxd.it/4aAA
2018-01-02,Looper,2012,https://boxd.it/ham
2018-01-02,The Hunger Games,2012,https://boxd.it/2uds
2018-01-02,Hot Fuzz,2007,https://boxd.it/2416
2018-01-02,Avatar,2009,https://boxd.it/1Efm
2018-01-02,Captain America: The First Avenger,2011,https://boxd.it/28b0
2018-01-02,The Perks of Being a Wallflower,2012,https://boxd.it/2ZA8
2018-01-02,"Hail, Caesar!",2016,https://boxd.it/881G
2018-01-02,"Monsters, Inc.",2001,https://boxd.it/2a46
2018-01-02,Saving Private Ryan,1998,https://boxd.it/29ro
2018-01-02,Argo,2012,https://boxd.it/2czU
2018-01-02,What We Do in the Shadows,2014,https://boxd.it/7eQy
2018-01-02,The Hunger Games: Catching Fire,2013,https://boxd.it/3sAw
2018-01-02,Harry Potter and the Prisoner of Azkaban,2004,https://boxd.it/29Qy
2018-01-02,Star Wars: Episode I – The Phantom Menace,1999,https://boxd.it/27Vc
2018-01-02,Harry Potter and the Deathly Hallows: Part 2,2011,https://boxd.it/1RYk
2018-01-02,Léon: The Professional,1994,https://boxd.it/2b8S
2018-01-02,Star Wars: Episode III – Revenge of the Sith,2005,https://boxd.it/27US
2018-01-02,Terminator 2: Judgment Day,1991,https://boxd.it/2aGY
2018-01-02,Harry Potter and the Philosopher's Stone,2001,https://boxd.it/29QS
2018-01-02,X-Men: Apocalypse,2016,https://boxd.it/7eJi
2018-01-02,Thor,2011,https://boxd.it/1WQU
2018-01-02,John Wick: Chapter 2,2017,https://boxd.it/ayGu
2018-01-02,Spectre,2015,https://boxd.it/6bXY
2018-01-02,Dallas Buyers Club,2013,https://boxd.it/4O8G
2018-01-02,Thor: The Dark World,2013,https://boxd.it/2DqA
2018-01-02,(500) Days of Summer,2009,https://boxd.it/1EmM
2018-01-02,X-Men: First Class,2011,https://boxd.it/FOA
2018-01-02,Star Trek Into Darkness,2013,https://boxd.it/uYE
2018-01-02,The Terminator,1984,https://boxd.it/2aQY
2018-01-02,Star Wars: Episode II – Attack of the Clones,2002,https://boxd.it/27V2
2018-01-02,Toy Story 2,1999,https://boxd.it/29qq
2018-01-02,Ferris Bueller's Day Off,1986,https://boxd.it/1YPY
2018-01-02,Pirates of the Caribbean: The Curse of the Black Pearl,2003,https://boxd.it/70G
2018-01-02,Iron Man 2,2010,https://boxd.it/1WZM
2018-01-02,The Amazing Spider-Man,2012,https://boxd.it/27PI
2018-01-02,Watchmen,2009,https://boxd.it/1QE4
2018-01-02,Spider-Man 2,2004,https://boxd.it/2a88
2018-01-02,Steve Jobs,2015,https://boxd.it/araG
2018-01-02,Harry Potter and the Chamber of Secrets,2002,https://boxd.it/29QI
2018-01-02,Harry Potter and the Deathly Hallows: Part 1,2010,https://boxd.it/1RYu
2018-01-02,Spider-Man,2002,https://boxd.it/2a8i
2018-01-02,Harry Potter and the Goblet of Fire,2005,https://boxd.it/29Qo
2018-01-02,Casino Royale,2006,https://boxd.it/1alk
2018-01-02,Zombieland,2009,https://boxd.it/1En6
2018-01-02,Star Trek Beyond,2016,https://boxd.it/5Ik4
2018-01-02,District 9,2009,https://boxd.it/1Iik
2018-01-02,22 Jump Street,2014,https://boxd.it/5Fvy
2018-01-02,Bridge of Spies,2015,https://boxd.it/9n9C
2018-01-02,In Bruges,2008,https://boxd.it/20n8
2018-01-02,Harry Potter and the Order of the Phoenix,2007,https://boxd.it/29Qe
2018-01-02,Harry Potter and the Half-Blood Prince,2009,https://boxd.it/29FU
2018-01-02,Kick-Ass,2010,https://boxd.it/1zaQ
2018-01-02,The Hunger Games: Mockingjay – Part 1,2014,https://boxd.it/4hka
2018-01-02,Star Trek,2009,https://boxd.it/1Q6c
2018-01-02,Justice League,2017,https://boxd.it/4w68
2018-01-02,Brooklyn,2015,https://boxd.it/5bdk
2018-01-02,Hunt for the Wilderpeople,2016,https://boxd.it/cTgG
2018-01-02,The Amazing Spider-Man 2,2014,https://boxd.it/3utM
2018-01-02,Heat,1995,https://boxd.it/2bg8
2018-01-02,Shrek,2001,https://boxd.it/29zi
2018-01-02,Now You See Me 2,2016,https://boxd.it/99fw
2018-01-02,Free Fire,2016,https://boxd.it/b2Ig
2018-01-02,Die Hard 2,1990,https://boxd.it/28zw
2018-01-02,Die Hard With a Vengeance,1995,https://boxd.it/28zG
2018-01-02,Back to the Future Part II,1989,https://boxd.it/2aYI
2018-01-02,The Hangover,2009,https://boxd.it/1GjK
2018-01-02,Frank,2014,https://boxd.it/5hII
2018-01-02,Ted,2012,https://boxd.it/2pgc
2018-01-02,The Man from U.N.C.L.E.,2015,https://boxd.it/67lG
2018-01-02,Burn After Reading,2008,https://boxd.it/23BW
2018-01-02,Anchorman: The Legend of Ron Burgundy,2004,https://boxd.it/1ZVo
2018-01-02,Seven Psychopaths,2012,https://boxd.it/34PW
2018-01-02,Love Actually,2003,https://boxd.it/2aeU
2018-01-02,50/50,2011,https://boxd.it/10Tw
2018-01-02,Airplane!,1980,https://boxd.it/29yu
2018-01-02,Shrek 2,2004,https://boxd.it/29z8
2018-01-02,Heathers,1989,https://boxd.it/26x4
2018-01-02,Zoolander,2001,https://boxd.it/1YMA
2018-01-02,Joy,2015,https://boxd.it/8kEU
2018-01-02,The Simpsons Movie,2007,https://boxd.it/6YU
2018-01-02,Mr. & Mrs. Smith,2005,https://boxd.it/29CG
2018-01-02,The Blues Brothers,1980,https://boxd.it/2adi
2018-01-02,Bruce Almighty,2003,https://boxd.it/2aCC
2018-01-02,Big,1988,https://boxd.it/271S
2018-01-02,High Fidelity,2000,https://boxd.it/2aMW
2018-01-02,Lethal Weapon,1987,https://boxd.it/29e0
2018-01-02,Chicken Run,2000,https://boxd.it/20Xg
2018-01-02,50 First Dates,2004,https://boxd.it/285c
2018-01-02,Monsters University,2013,https://boxd.it/bQm
2018-01-02,Tangled,2010,https://boxd.it/15gO
2018-01-02,Fury,2014,https://boxd.it/6JwC
2018-01-02,Top Gun,1986,https://boxd.it/29JC
2018-01-02,Whiskey Tango Foxtrot,2016,https://boxd.it/8ynI
2018-01-02,Defiance,2008,https://boxd.it/1Pme
2018-01-02,The Matrix Reloaded,2003,https://boxd.it/2a1c
2018-01-02,Chappie,2015,https://boxd.it/5Y3e
2018-01-02,The Matrix Revolutions,2003,https://boxd.it/2a12
2018-01-02,"I, Robot",2004,https://boxd.it/27y8
2018-01-02,Contagion,2011,https://boxd.it/13rq
2018-01-02,Paul,2011,https://boxd.it/13uE
2018-01-10,Focus,2015,https://boxd.it/7zl2
2018-02-06,Mission: Impossible – Rogue Nation,2015,https://boxd.it/5rI4
2018-02-06,Atomic Blonde,2017,https://boxd.it/blDk
2018-02-12,Kill Bill: Vol. 1,2003,https://boxd.it/70w
2018-02-23,Kill Bill: Vol. 2,2004,https://boxd.it/2au4
2018-02-27,Black Panther,2018,https://boxd.it/8MHs
2018-04-09,The Magnificent Seven,2016,https://boxd.it/aZAy
2018-05-13,Kodachrome,2017,https://boxd.it/ePjK
2018-05-13,Avengers: Infinity War,2018,https://boxd.it/9vEe
2018-05-13,Into the Wild,2007,https://boxd.it/22m2
2018-05-21,Deadpool 2,2018,https://boxd.it/dlLM
2018-05-24,The Hitman's Bodyguard,2017,https://boxd.it/dCmO
2018-05-26,Salmon Fishing in the Yemen,2011,https://boxd.it/2Ptc
2018-06-04,Solo: A Star Wars Story,2018,https://boxd.it/bGWs
2018-06-08,Gattaca,1997,https://boxd.it/29Du
2018-06-08,'71,2014,https://boxd.it/7nWK
2018-06-08,"Love, Rosie",2014,https://boxd.it/62hE
2018-07-12,Set It Up,2018,https://boxd.it/dpik
2018-07-20,Incredibles 2,2018,https://boxd.it/7IPg
2018-08-05,Mission: Impossible – Fallout,2018,https://boxd.it/bSVc
2018-08-05,Layer Cake,2004,https://boxd.it/23LC
2018-08-07,The Thomas Crown Affair,1999,https://boxd.it/29im
2018-08-14,The Death of Stalin,2017,https://boxd.it/ea9Y
2018-08-15,What We Did on Our Holiday,2014,https://boxd.it/8qLs
2018-08-15,Like Father,2018,https://boxd.it/iN76
2018-11-21,Bohemian Rhapsody,2018,https://boxd.it/f1TK
2018-11-21,Bad Boys,1995,https://boxd.it/1XVG
2018-11-26,Operation Finale,2018,https://boxd.it/hN1g
2018-11-30,Ant-Man and the Wasp,2018,https://boxd.it/cqUW
2019-01-06,Aquaman,2018,https://boxd.it/9ru0
2019-01-06,Spider-Man: Into the Spider-Verse,2018,https://boxd.it/azpY
2019-01-08,Allied,2016,https://boxd.it/cP42
2019-01-09,Our Kind of Traitor,2016,https://boxd.it/6aiK
2019-01-09,Blues Brothers 2000,1998,https://boxd.it/1Tx6
2019-01-11,Popstar: Never Stop Never Stopping,2016,https://boxd.it/blDa
2019-01-15,"I, Tonya",2017,https://boxd.it/dzR0
2019-01-15,Modern Times,1936,https://boxd.it/25MC
2019-01-20,A Million Ways to Die in the West,2014,https://boxd.it/5H9k
2019-01-21,Moneyball,2011,https://boxd.it/glS
2019-01-21,2012,2009,https://boxd.it/1OE2
2019-01-21,Con Air,1997,https://boxd.it/28gO
2019-01-21,Grosse Pointe Blank,1997,https://boxd.it/1YGW
2019-01-21,Serendipity,2001,https://boxd.it/1XPy
2019-01-21,Pushing Tin,1999,https://boxd.it/1RCo
2019-01-21,The Numbers Station,2013,https://boxd.it/2FHy
2019-01-21,The Siege of Jadotville,2016,https://boxd.it/b2HM
2019-01-22,Gold,2016,https://boxd.it/b2IK
2019-01-22,Lord of War,2005,https://boxd.it/284y
2019-01-24,The Losers,2010,https://boxd.it/1ddo
2019-01-30,Polar,2019,https://boxd.it/hoZg
2019-01-30,Quantum of Solace,2008,https://boxd.it/1Vs8
2019-01-30,GoldenEye,1995,https://boxd.it/29KU
2019-01-30,The World Is Not Enough,1999,https://boxd.it/1a94
2019-01-30,Die Another Day,2002,https://boxd.it/1a5G
2019-01-30,Tomorrow Never Dies,1997,https://boxd.it/29Kg
2019-02-01,Outlaw King,2018,https://boxd.it/gcxi
2019-02-03,Get Shorty,1995,https://boxd.it/20Ga
2019-02-10,Aloha,2015,https://boxd.it/6BQk
2019-02-10,The Notebook,2004,https://boxd.it/1UNE
2019-02-11,Runaway Jury,2003,https://boxd.it/1U7o
2019-02-11,Sully,2016,https://boxd.it/cD8Q
2019-02-12,State of Play,2009,https://boxd.it/1JnA
2019-03-04,The Room,2003,https://boxd.it/1ICY
2019-03-11,Captain Marvel,2019,https://boxd.it/9vSA
2019-03-14,The Incredible Hulk,2008,https://boxd.it/28dU
2019-03-17,Twilight,2008,https://boxd.it/1Zui
2019-03-22,Super 8,2011,https://boxd.it/dVI
2019-03-22,Sherlock Holmes,2009,https://boxd.it/1W2A
2019-03-22,Rise of the Planet of the Apes,2011,https://boxd.it/cS4
2019-03-22,Tinker Tailor Soldier Spy,2011,https://boxd.it/FRY
2019-03-22,Daddy's Home,2015,https://boxd.it/8jSc
2019-03-22,Sisters,2015,https://boxd.it/7X7I
2019-03-22,The Bélier Family,2014,https://boxd.it/9HYg
2019-03-22,Zoolander 2,2016,https://boxd.it/aNBE
2019-03-22,How to Be Single,2016,https://boxd.it/7GJq
2019-03-22,A Bigger Splash,2015,https://boxd.it/azgs
2019-03-22,Money Monster,2016,https://boxd.it/9GCS
2019-03-22,The Accountant,2016,https://boxd.it/9EhI
2019-03-22,War for the Planet of the Apes,2017,https://boxd.it/8FE2
2019-03-29,The Saint,2017,https://boxd.it/gBeq
2019-04-28,Avengers: Endgame,2019,https://boxd.it/9vE4
2019-05-29,The Fate of the Furious,2017,https://boxd.it/bbCw
2019-05-31,Apollo 13,1995,https://boxd.it/2a6G
2019-06-18,Molly's Game,2017,https://boxd.it/dSl8
2019-06-23,Triple Frontier,2019,https://boxd.it/dZUO
2019-07-10,Spider-Man: Far From Home,2019,https://boxd.it/fegG
2019-09-18,Black Hawk Down,2001,https://boxd.it/29rI
2019-09-30,American Made,2017,https://boxd.it/bb66
2019-10-07,The Red Sea Diving Resort,2019,https://boxd.it/gDWY
2019-10-07,Charlie Wilson's War,2007,https://boxd.it/21yc
2019-10-24,Hurricane,2018,https://boxd.it/ikdE
2019-10-26,Dr. No,1962,https://boxd.it/29UU
2019-10-26,From Russia with Love,1963,https://boxd.it/29T8
2019-10-28,Terminator: Dark Fate,2019,https://boxd.it/96YI
2019-10-29,Goldfinger,1964,https://boxd.it/29SY
2019-11-03,The Guernsey Literary & Potato Peel Pie Society,2018,https://boxd.it/g68w
2019-11-03,Thunderball,1965,https://boxd.it/29SE
2019-11-12,You Only Live Twice,1967,https://boxd.it/29Rw
2019-11-14,On Her Majesty's Secret Service,1969,https://boxd.it/29Rm
2019-11-25,Diamonds Are Forever,1971,https://boxd.it/29Pg
2019-11-25,Live and Let Die,1973,https://boxd.it/2aLk
2019-12-15,Knives Out,2019,https://boxd.it/jWEA
2019-12-16,6 Underground,2019,https://boxd.it/irU6
2020-01-03,John Wick: Chapter 3 – Parabellum,2019,https://boxd.it/gmFw
2020-01-03,Men in Black: International,2019,https://boxd.it/hdJw
2020-01-03,Star Wars: The Rise of Skywalker,2019,https://boxd.it/5xlK
2020-01-03,Alita: Battle Angel,2019,https://boxd.it/e0rS
2020-01-05,Downsizing,2017,https://boxd.it/9Ajq
2020-01-06,True Romance,1993,https://boxd.it/2aBa
2020-01-07,The Gentlemen,2019,https://boxd.it/iYBQ
2020-01-07,The Man with the Golden Gun,1974,https://boxd.it/29P6
2020-01-15,High-Rise,2015,https://boxd.it/7tmo
2020-01-21,1917,2019,https://boxd.it/jj4y
2020-02-27,The Danish Girl,2015,https://boxd.it/9Ohy
2020-03-02,The Personal History of David Copperfield,2019,https://boxd.it/iTAS
2020-03-22,Road House,1989,https://boxd.it/1X0g
2020-03-24,Hellboy,2019,https://boxd.it/gjaA
2020-05-03,Extraction,2020,https://boxd.it/jUjA
2020-05-05,The Breakfast Club,1985,https://boxd.it/27q4
2020-05-05,Empire Records,1995,https://boxd.it/1PY8
2020-05-12,Raising Arizona,1987,https://boxd.it/2avQ
2020-05-18,Ford v Ferrari,2019,https://boxd.it/ce74
2020-09-02,The Spy Who Loved Me,1977,https://boxd.it/29NY
2020-09-02,Moonraker,1979,https://boxd.it/29MQ
2020-09-10,The Old Guard,2020,https://boxd.it/jY2e
2020-09-12,Last Flag Flying,2017,https://boxd.it/ePAG
2020-09-13,Deep Impact,1998,https://boxd.it/1ZYM
2020-09-15,Inside Llewyn Davis,2013,https://boxd.it/34Ro
2020-09-17,Blue Jay,2016,https://boxd.it/enEq
2020-10-23,Aliens,1986,https://boxd.it/29PA
2020-10-26,The King of Staten Island,2020,https://boxd.it/litG
2021-01-01,The Rock,1996,https://boxd.it/1XM0
2021-02-01,For Your Eyes Only,1981,https://boxd.it/29MG
2021-02-02,Octopussy,1983,https://boxd.it/29Mw
2021-02-08,A View to a Kill,1985,https://boxd.it/29Lo
2021-02-15,The Living Daylights,1987,https://boxd.it/29Le
2021-02-15,Licence to Kill,1989,https://boxd.it/29L4
2021-02-16,Enola Holmes,2020,https://boxd.it/hX2o
2021-02-24,First Man,2018,https://boxd.it/cPym
2021-03-12,The Bourne Ultimatum,2007,https://boxd.it/26Eu
2021-03-12,I Care a Lot,2020,https://boxd.it/mcHk
2021-03-14,Ronin,1998,https://boxd.it/20wa
2021-03-16,Jack Reacher,2012,https://boxd.it/2BUo
2021-03-16,Jack Reacher: Never Go Back,2016,https://boxd.it/buAY
2021-04-10,Zero Dark Thirty,2012,https://boxd.it/3n1w
2021-04-13,Once Upon a Time... in Hollywood,2019,https://boxd.it/gH0O
2021-04-13,Gemini Man,2019,https://boxd.it/gaUu
2021-06-28,White House Down,2013,https://boxd.it/3TOg
2021-07-20,Assault on Precinct 13,1976,https://boxd.it/1I2c
2021-07-20,Palm Springs,2020,https://boxd.it/lCXQ
2021-08-11,Desperado,1995,https://boxd.it/20Bk
2021-08-11,Black Widow,2021,https://boxd.it/hWV8
2021-08-24,The Suicide Squad,2021,https://boxd.it/fw6O
2021-09-12,Rush,2013,https://boxd.it/3lyS
2021-09-12,Kate,2021,https://boxd.it/m2qy
2021-09-12,Zombieland: Double Tap,2019,https://boxd.it/bgb6
2021-10-04,No Time to Die,2021,https://boxd.it/cPX2
2021-11-20,Free Guy,2021,https://boxd.it/k8dm
2021-11-21,Shang-Chi and the Legend of the Ten Rings,2021,https://boxd.it/kLDI
2021-11-26,Red Notice,2021,https://boxd.it/ixtq
2021-12-01,Hancock,2008,https://boxd.it/1Zv6
2022-01-06,Spider-Man: No Way Home,2021,https://boxd.it/nwRw
2022-01-06,Twister,1996,https://boxd.it/29S0
2022-01-11,The Dig,2021,https://boxd.it/jo2i
2022-01-17,Ocean's Eleven,2001,https://boxd.it/2aZm
2022-01-17,Ocean's Twelve,2004,https://boxd.it/2aZ2
2022-01-21,Ocean's Thirteen,2007,https://boxd.it/2aEy
2022-01-23,Crimson Tide,1995,https://boxd.it/1ZuM
2022-01-23,Fight Club,1999,https://boxd.it/2a9q
2022-01-25,The Matrix Resurrections,2021,https://boxd.it/n87k
2022-02-21,The Peacemaker,1997,https://boxd.it/21sS
2022-03-10,The Batman,2022,https://boxd.it/eDGs
2022-03-26,Three Days of the Condor,1975,https://boxd.it/1SF4
2022-03-30,Kursk,2018,https://boxd.it/e5PU
2022-05-13,Operation Mincemeat,2021,https://boxd.it/oAY4
2022-05-29,Doctor Strange in the Multiverse of Madness,2022,https://boxd.it/gaTc
2022-05-31,Top Gun: Maverick,2022,https://boxd.it/cjr4
2022-06-05,Everything Everywhere All at Once,2022,https://boxd.it/jUk4
2022-08-01,Thor: Love and Thunder,2022,https://boxd.it/mMAY
2022-08-01,Tenet,2020,https://boxd.it/leq4
2022-08-04,Beckett,2021,https://boxd.it/m1dy
2022-08-04,The Adam Project,2022,https://boxd.it/q2Dg
2022-08-09,The Gray Man,2022,https://boxd.it/rb7q
2022-08-23,Venom,2018,https://boxd.it/b8wA
2022-09-01,F9,2021,https://boxd.it/dqsU
2022-09-01,Bullet Train,2022,https://boxd.it/qW26
2022-11-17,Enola Holmes 2,2022,https://boxd.it/vfDe
2022-12-25,21,2008,https://boxd.it/20BO
2022-12-27,How the Grinch Stole Christmas,2000,https://boxd.it/1ZHQ
2023-01-02,Glass Onion,2022,https://boxd.it/oCkK
2023-01-06,Beverly Hills Cop,1984,https://boxd.it/2baE
2023-01-13,The Courier,2020,https://boxd.it/iX7A
2023-01-24,Eternals,2021,https://boxd.it/j36o
2023-02-03,Black Panther: Wakanda Forever,2022,https://boxd.it/igPu
2023-02-10,The Banshees of Inisherin,2022,https://boxd.it/p7XS
2023-02-21,Ant-Man and the Wasp: Quantumania,2023,https://boxd.it/nL2y
2023-02-21,The American,2010,https://boxd.it/dSE
2023-03-08,Bastille Day,2016,https://boxd.it/aZYK
2023-04-10,Page Eight,2011,https://boxd.it/2m3u
2023-05-16,Ad Astra,2019,https://boxd.it/ePzI
2023-06-16,The Fast and the Furious,2001,https://boxd.it/1XMu
2023-06-16,2 Fast 2 Furious,2003,https://boxd.it/2a4g
2023-08-15,Spider-Man: Across the Spider-Verse,2023,https://boxd.it/kSz4
2023-08-15,John Wick: Chapter 4,2023,https://boxd.it/mh48
2024-01-02,Extraction 2,2023,https://boxd.it/q4Zo
2024-01-03,Logan Lucky,2017,https://boxd.it/dZrs
2024-01-18,Saltburn,2023,https://boxd.it/z4eg
2024-01-24,Brassed Off,1996,https://boxd.it/1YEm
2024-02-02,Ambulance,2022,https://boxd.it/sFxg
2024-02-05,Unbreakable,2000,https://boxd.it/1XV2
2024-02-07,X-Men: The Last Stand,2006,https://boxd.it/1a5Q
2024-02-07,Dune,2021,https://boxd.it/fA7G
2024-04-02,Poor Things,2023,https://boxd.it/tNWU
2024-06-03,Furiosa: A Mad Max Saga,2024,https://boxd.it/tABk
2024-06-03,Mission: Impossible – Dead Reckoning,2023,https://boxd.it/l7zS
2024-10-12,Alien: Romulus,2024,https://boxd.it/zGqO
2024-10-12,Mission: Impossible,1996,https://boxd.it/29d2
2024-10-14,Alien,1979,https://boxd.it/2awY
2024-10-14,Mission: Impossible II,2000,https://boxd.it/29cS
2024-10-14,Chinatown,1974,https://boxd.it/29vU
2024-10-14,Threads,1984,https://boxd.it/1I0g
2024-10-15,The Thing,1982,https://boxd.it/294O
2024-10-16,Wolfs,2024,https://boxd.it/x6zG
2024-10-19,The Fall Guy,2024,https://boxd.it/s0Bm
2024-11-06,The Manchurian Candidate,2004,https://boxd.it/1O2M
2024-11-11,Air Force One,1997,https://boxd.it/1XQw
2024-11-13,Hidden Figures,2016,https://boxd.it/dgS4
2024-11-13,Flash Gordon,1980,https://boxd.it/257a
2024-11-16,Gladiator,2000,https://boxd.it/2b9m
2024-11-18,Enemy of the State,1998,https://boxd.it/1XME
2024-11-19,Gladiator II,2024,https://boxd.it/kqQQ
2024-11-20,Past Lives,2023,https://boxd.it/oNB8
2024-11-21,Four Weddings and a Funeral,1994,https://boxd.it/29KA
2024-11-23,The King's Man,2021,https://boxd.it/h714
2024-11-26,Anora,2024,https://boxd.it/Egcw
2024-11-28,Clueless,1995,https://boxd.it/1Ygk
2024-11-29,20th Century Women,2016,https://boxd.it/bqU6
2024-12-03,Frances Ha,2012,https://boxd.it/41Xg
2024-12-03,Birdman or (The Unexpected Virtue of Ignorance),2014,https://boxd.it/5RFA
2024-12-03,Cocktail,1988,https://boxd.it/20QE
2024-12-10,The Descendants,2011,https://boxd.it/4Ba
2024-12-11,Starship Troopers,1997,https://boxd.it/2a7k
2024-12-11,Independence Day,1996,https://boxd.it/2a1w
2024-12-18,Moulin Rouge!,2001,https://boxd.it/29wI
2024-12-22,A Haunting in Venice,2023,https://boxd.it/zGdg
2024-12-29,Wallace & Gromit: Vengeance Most Fowl,2024,https://boxd.it/z14C
2025-01-01,Chicago,2002,https://boxd.it/28zm
2025-01-02,Sideways,2004,https://boxd.it/1Y5c
2025-01-03,Buffy the Vampire Slayer,1992,https://boxd.it/1WP8
2025-01-07,The Siege,1998,https://boxd.it/1XCu
2025-01-08,My Cousin Vinny,1992,https://boxd.it/1WpO
2025-01-09,Office Space,1999,https://boxd.it/28Em
2025-01-10,Garfield,2004,https://boxd.it/1ZAA
2025-01-11,We Live in Time,2024,https://boxd.it/FC5u
2025-01-13,The Cat in the Hat,2003,https://boxd.it/1VSU
2025-01-14,Saturday Night Fever,1977,https://boxd.it/1URQ
2025-01-15,Dead Poets Society,1989,https://boxd.it/2aSg
2025-01-15,Good Will Hunting,1997,https://boxd.it/2ahY
2025-01-23,Witness,1985,https://boxd.it/1Z4O
2025-01-27,Natural Born Killers,1994,https://boxd.it/2aNg
2025-01-28,Nosferatu,2024,https://boxd.it/f5eG
2025-01-28,Batman,1989,https://boxd.it/2aIU
2025-01-29,Batman Returns,1992,https://boxd.it/2awa
2025-01-31,Batman Forever,1995,https://boxd.it/2ara
2025-02-05,Swingers,1996,https://boxd.it/1WNc
2025-02-09,Mixed Signals,1997,https://boxd.it/gBPc
2025-02-12,Desert Blue,1998,https://boxd.it/YFW
2025-02-13,Groundhog Day,1993,https://boxd.it/2b3e
2025-02-16,200 Cigarettes,1999,https://boxd.it/1MyQ
2025-02-18,The Gorge,2025,https://boxd.it/zRqK
2025-02-21,You Can Count on Me,2000,https://boxd.it/1Omi
2025-02-25,A Beautiful Mind,2001,https://boxd.it/2amk
2025-02-28,The Monkey,2025,https://boxd.it/Gwiu
2025-03-04,The Hours,2002,https://boxd.it/2a3s
2025-03-05,Cold Mountain,2003,https://boxd.it/270A
2025-03-05,Closer,2004,https://boxd.it/270K
2025-03-11,The Order,2024,https://boxd.it/EVrs
2025-03-12,Network,1976,https://boxd.it/1VqG
2025-03-13,Mickey 17,2025,https://boxd.it/q1Dk
2025-03-14,A Real Pain,2024,https://boxd.it/CjNG
2025-03-25,Sin City,2005,https://boxd.it/2aVk
2025-03-25,Over the Hedge,2006,https://boxd.it/20QY
2025-05-19,Good Vibrations,2012,https://boxd.it/4fWw
2025-06-10,Dan in Real Life,2007,https://boxd.it/218y
2025-06-11,God Help the Girl,2014,https://boxd.it/7dCq
2025-06-13,Captain America: Brave New World,2025,https://boxd.it/uYDm
2025-06-19,Mission: Impossible – The Final Reckoning,2025,https://boxd.it/l7A2
2025-06-24,Reality Bites,1994,https://boxd.it/26iI
2025-06-29,Gone in Sixty Seconds,2000,https://boxd.it/1Y4y
2025-07-02,Milk,2008,https://boxd.it/1WZC
2025-07-04,Mulholland Drive,2001,https://boxd.it/297o
2025-07-05,F1,2025,https://boxd.it/yjVM
2025-07-05,Duplicity,2009,https://boxd.it/1JXo
2025-07-08,Valentine's Day,2010,https://boxd.it/1gui
2025-07-08,No Strings Attached,2011,https://boxd.it/YUs
2025-07-12,GoodFellas,1990,https://boxd.it/29FA
2025-07-12,Lola Versus,2012,https://boxd.it/3rxm
2025-07-14,Heads of State,2025,https://boxd.it/s9tG
2025-07-15,Superman,2025,https://boxd.it/E9IU
2025-07-16,Groove,2000,https://boxd.it/1yWO
2025-07-16,Begin Again,2013,https://boxd.it/5Ybs
2025-07-17,The Intern,2015,https://boxd.it/7AOE
2025-07-21,Friends with Benefits,2011,https://boxd.it/DoK
2025-07-22,42,2013,https://boxd.it/3GBo
2025-07-24,The Driver,1978,https://boxd.it/27jW
2025-07-29,Destination Wedding,2018,https://boxd.it/hE1Q
2025-07-30,The Ministry of Ungentlemanly Warfare,2024,https://boxd.it/u5zu
2025-08-02,Ride the Eagle,2021,https://boxd.it/vkR6
2025-08-03,Broken Arrow,1996,https://boxd.it/1Z9u
2025-08-06,Clerks,1994,https://boxd.it/2706
2025-08-10,After Hours,1985,https://boxd.it/1VfS
2025-08-12,Nightcrawler,2014,https://boxd.it/780m
2025-08-14,The Fantastic Four: First Steps,2025,https://boxd.it/mP6C
2025-08-14,The Smeds and the Smoos,2022,https://boxd.it/E20m
2025-08-31,Challengers,2024,https://boxd.it/zld0
2025-09-01,Flight Risk,2025,https://boxd.it/GzHW
2025-09-03,Thunderbolts*,2025,https://boxd.it/BfbQ
2025-09-11,Star Trek II: The Wrath of Khan,1982,https://boxd.it/2b0u
2025-09-12,World War Z,2013,https://boxd.it/2p2E
2025-09-16,Mystic Pizza,1988,https://boxd.it/1UpC
2025-09-17,When Harry Met Sally...,1989,https://boxd.it/29W2
2025-09-17,Sabbatical,2014,https://boxd.it/7rqy
2025-09-21,A Knight's Tale,2001,https://boxd.it/1YAk
2025-09-22,Twisters,2024,https://boxd.it/qV7a
2025-09-24,Spy Game,2001,https://boxd.it/28Fk
2025-09-27,Plus One,2019,https://boxd.it/inpo
2025-09-29,Big Hero 6,2014,https://boxd.it/5rje
2025-09-29,Desperately Seeking Susan,1985,https://boxd.it/20xi
2025-10-04,All of You,2024,https://boxd.it/OmWK
2025-10-05,Scooby-Doo,2002,https://boxd.it/1YaQ
2025-10-05,Scooby-Doo 2: Monsters Unleashed,2004,https://boxd.it/1UPA
2025-10-07,Sneakers,1992,https://boxd.it/26VU
2025-10-08,Spy Kids,2001,https://boxd.it/1Xcw
2025-10-08,Anyone But You,2023,https://boxd.it/EzA8
2025-10-11,Lucy,2014,https://boxd.it/75hu
2025-10-13,Bend It Like Beckham,2002,https://boxd.it/2am0
2025-10-14,Forgetting Sarah Marshall,2008,https://boxd.it/1XEq
2025-10-14,Seeking a Friend for the End of the World,2012,https://boxd.it/376g
2025-10-16,Your Place or Mine,2023,https://boxd.it/qizY
2025-10-16,The Old Guard 2,2025,https://boxd.it/vUSk
